	flux	flux_err	time
1	1.0044478178024292	3.9608326915185895e-06	1627.7808885392612
2	1.0024486780166626	3.95330692602632e-06	1627.8227850931537
3	0.9978415966033936	3.87821473263865e-06	1627.864681647046
4	0.9970585107803345	3.938599062773089e-06	1627.9065782009384
5	1.0006192922592163	3.9423869263070324e-06	1627.9484747548308
6	1.0045435428619385	3.947433045444389e-06	1627.990371308723
7	1.0004140138626099	3.938569473878791e-06	1628.0322678626155
8	0.9957839250564575	3.928333414175237e-06	1628.0741644165078
9	0.9954253435134888	5.374394731916254e-06	1628.1160609704002
10	1.0007975101470947	5.5579454055987295e-06	1628.1579575242924
11	1.0058889389038086	4.822039772989228e-06	1628.199854078185
12	1.0032860040664673	4.1429631420652625e-06	1628.2417506320771
13	0.999228298664093	4.477099181436326e-06	1628.2836471859696
14	0.9977149963378906	4.374774410583389e-06	1628.3255437398618
15	1.0016820430755615	4.128214775981313e-06	1628.367440293754
16	1.0078752040863037	4.214468040467741e-06	1628.4093368476465
17	1.0058627128601074	4.208296069499249e-06	1628.4512334015387
18	0.9998912811279297	4.365754648461007e-06	1628.493129955431
19	1.0001628398895264	4.666597219294913e-06	1628.5350265093234
20	1.0025391578674316	4.119769545030539e-06	1628.5769230632156
21	1.0056333541870117	4.469524909559961e-06	1628.6188196171079
22	1.0048401355743408	3.911126744545375e-06	1628.660716171
23	1.0002180337905884	4.192312189843506e-06	1628.7026127248926
24	0.9985537528991699	3.966447648367491e-06	1628.7445092787848
25	1.000002145767212	3.968797531781782e-06	1628.786405832677
26	1.0025553703308105	4.280336434021592e-06	1628.8283023865692
27	0.9951448440551758	3.894976786493013e-06	1628.8701989404615
28	0.9871757626533508	4.337620339356363e-06	1628.9120954943537
29	0.9854031801223755	3.876926590843747e-06	1628.953992048246
30	0.9873758554458618	3.946510019134088e-06	1628.9958886021382
31	0.9905533194541931	3.885026186859856e-06	1629.0377851560304
32	0.9903289079666138	3.883510847420742e-06	1629.0796817099226
33	0.9877157807350159	3.814189826258488e-06	1629.1215782638149
34	0.9893776178359985	3.8801401387900116e-06	1629.163474817707
35	0.9958062767982483	4.102277334486307e-06	1629.2053713715993
36	1.0006507635116577	3.90041313949041e-06	1629.2472679254915
37	1.0016651153564453	4.039063891728542e-06	1629.2891644793838
38	0.9980700016021729	4.10584470955655e-06	1629.3310610332724
39	0.9962586760520935	3.891299032450964e-06	1629.3729575871646
40	0.9966068267822266	3.8915495679248124e-06	1629.4148541410568
41	1.00129234790802	3.965894675588813e-06	1629.456750694949
42	1.0038188695907593	4.039799283158832e-06	1629.498647248841
43	1.0006402730941772	4.107893834804633e-06	1629.5405438027333
44	0.9980484247207642	3.95957513005826e-06	1629.5824403566255
45	0.9980374574661255	3.959746240509738e-06	1629.6243369105177
46	1.0024725198745728	3.837861802293769e-06	1629.6662334644097
47	1.003736138343811	3.904092348723983e-06	1629.708130018302
48	0.9995929002761841	3.896854953685154e-06	1629.7500265721942
49	0.9961746335029602	3.890851318525771e-06	1629.7919231260862
50	0.9967130422592163	3.892291715601459e-06	1629.8338196799784
51	1.001708745956421	3.901371383108199e-06	1629.8757162338704
52	1.0046465396881104	3.842770961308551e-06	1629.9176127877627
53	1.0009359121322632	3.8983147533144805e-06	1629.959509341655
54	0.9977807998657227	3.8918141702500485e-06	1630.001405895547
55	0.9990453720092773	3.894515490780274e-06	1630.0433024494391
56	1.001834750175476	3.89976630685851e-06	1630.0851990033311
57	1.003336787223816	3.901811578543857e-06	1630.1270955572234
58	1.0005484819412231	3.832360239504206e-06	1630.1689921111154
59	0.99754798412323	3.8895950031777225e-06	1630.2108886650076
60	0.9970396757125854	3.888443704151238e-06	1630.2527852188996
61	1.0010132789611816	3.895045908090348e-06	1630.2946817727916
62	1.005813479423523	3.902697305117423e-06	1630.3365783266838
63	1.0034033060073853	3.8972546462900935e-06	1630.3784748805758
64	0.997971773147583	3.823822020598117e-06	1630.4203714344678
65	0.9978948831558228	3.886898775817827e-06	1630.46226798836
66	1.0010693073272705	3.89267685629117e-06	1630.504164542252
67	1.0039448738098145	3.897594433510676e-06	1630.546061096144
68	1.0018655061721802	3.893703251378611e-06	1630.587957650036
69	0.9974753260612488	3.886465128744021e-06	1630.6298542039283
70	0.9966602921485901	3.822273415167846e-06	1630.6717507578203
71	0.998101532459259	3.888241675061484e-06	1630.7136473117123
72	1.003192663192749	3.897540591424331e-06	1630.7555438656043
73	1.0028129816055298	3.897505181763942e-06	1630.7974404194963
74	0.9973908066749573	3.8882040826138106e-06	1630.8393369733883
75	0.9960623979568481	3.885872865794227e-06	1630.8812335272805
76	0.9976531863212585	3.8256506330423775e-06	1630.9231300811725
77	1.001495361328125	3.895743914957469e-06	1630.965026635061
78	1.0017341375350952	3.895734941276411e-06	1631.006923188953
79	0.9978654980659485	3.888199717039242e-06	1631.048819742845
80	0.9954235553741455	3.883749741362408e-06	1631.090716296737
81	0.9947654008865356	3.883250853201995e-06	1631.132612850629
82	0.9998384118080139	3.828544821214652e-06	1631.174509404521
83	1.0034246444702148	3.962742429676241e-06	1631.216405958413
84	1.001294493675232	5.019788659410551e-06	1631.258302512305
85	0.9989808201789856	4.020883612351359e-06	1631.3001990661967
86	0.9983555674552917	3.885169038161014e-06	1631.3420956200887
87	1.0028523206710815	3.894361725542694e-06	1631.3839921739807
88	1.0052396059036255	3.964143678754696e-06	1631.4258887278727
89	1.0009995698928833	3.888036735588684e-06	1631.4677852817647
90	0.9986972212791443	3.9493524096103324e-06	1631.5096818356567
91	1.0014187097549438	3.887723141815513e-06	1631.5515783895485
92	1.0057944059371948	4.031839645384545e-06	1631.5934749434405
93	1.007076382637024	3.896649044084673e-06	1631.6353714973325
94	1.0037580728530884	3.956823563604648e-06	1631.6772680512245
95	1.0017859935760498	3.953191104489539e-06	1631.7191646051162
96	1.0017385482788086	4.097222160823919e-06	1631.7610611590082
97	1.0053595304489136	4.030532571570282e-06	1631.8029577129003
98	1.0081336498260498	3.8991973269730805e-06	1631.844854266792
99	1.003741979598999	3.956986394518151e-06	1631.886750820684
100	0.9992513060569763	3.881861872893448e-06	1631.9286473745758
101	0.9995740056037903	3.882425032012786e-06	1631.9705439284678
102	1.0009077787399292	4.345093960485731e-06	1632.0124404823598
103	1.0021706819534302	3.955897760722015e-06	1632.0543370362516
104	0.9990701079368591	3.949965346315554e-06	1632.0962335901436
105	0.9974560141563416	4.168514211554653e-06	1632.1381301440354
106	0.9979646801948547	3.881532999609287e-06	1632.1800266979274
107	0.9982988834381104	3.883705115489041e-06	1632.2219232518191
108	1.0003987550735474	4.346710435735683e-06	1632.263819805711
109	0.9991766214370728	3.88560317029866e-06	1632.305716359603
110	0.9967792630195618	3.881393058691174e-06	1632.3476129134947
111	0.9960952401161194	3.881592419929802e-06	1632.3895094673867
112	0.997927725315094	3.822497796312335e-06	1632.4314060212785
113	1.002112865447998	3.892530609543125e-06	1632.4733025751702
114	1.0009211301803589	3.888688661390916e-06	1632.5151991290586
115	0.9978445768356323	4.0187811204564894e-06	1632.5570956829504
116	0.996130108833313	3.880358174986517e-06	1632.5989922368422
117	0.9978180527687073	3.88458162584963e-06	1632.640888790734
118	1.0003827810287476	3.890268756852796e-06	1632.682785344626
119	0.9998560547828674	3.825771273113787e-06	1632.7246818985177
120	0.996614396572113	3.882359063330417e-06	1632.7665784524095
121	0.9951991438865662	3.8791784997253364e-06	1632.8084750063013
122	0.9974079728126526	3.883471557249626e-06	1632.850371560193
123	1.0022494792938232	3.892607977225756e-06	1632.8922681140848
124	1.0014106035232544	3.891216814129924e-06	1632.9341646679766
125	0.9965856075286865	3.81908138215001e-06	1632.9760612218686
126	0.9950969815254211	3.879687089162568e-06	1633.0179577757604
127	0.9983260631561279	3.885641247810175e-06	1633.0598543296521
128	1.0032148361206055	3.894620749633759e-06	1633.101750883544
129	1.002581000328064	3.893055691150948e-06	1633.1436474374357
130	0.9986028075218201	3.885605838149786e-06	1633.1855439913274
131	0.9973121881484985	3.819573096059743e-06	1633.2274405452192
132	0.9991742968559265	3.886257278888176e-06	1633.269337099111
133	1.0041594505310059	3.895501140505075e-06	1633.3112336530028
134	1.003914713859558	3.895380844672521e-06	1633.3531302068943
135	0.9985196590423584	3.8852371896306675e-06	1633.395026760786
136	0.996615469455719	3.881371715882172e-06	1633.4369233146779
137	0.9994125962257385	3.822223187589477e-06	1633.4788198685696
138	1.004270076751709	3.894001323108872e-06	1633.5207164224614
139	1.0044454336166382	3.894446126651019e-06	1633.5626129763532
140	1.0002890825271606	3.887680213665589e-06	1633.6045095302447
141	0.9985254406929016	3.951116202094046e-06	1633.6464060841365
142	0.9982658624649048	3.884421797314038e-06	1633.6883026380283
143	1.0009067058563232	3.826055739585671e-06	1633.73019919192
144	1.0035912990570068	3.894377490117525e-06	1633.7720957458116
145	1.0004162788391113	3.888432062619055e-06	1633.8139922997034
146	0.9982897043228149	3.884268032076458e-06	1633.8558888535952
147	0.997855007648468	3.88373009627685e-06	1633.8977854074867
148	1.0003846883773804	3.8886095959848415e-06	1633.9396819613785
149	1.0041857957839966	3.8323154102169695e-06	1633.9815785152703
150	1.0002809762954712	3.888506519918641e-06	1634.0234750691618
151	0.9972906708717346	3.882859891746193e-06	1634.06537162305
152	0.9973166584968567	3.882871290746456e-06	1634.1072681769415
153	0.9995387196540833	3.887120692525059e-06	1634.1491647308333
154	1.0027822256088257	3.893231769325211e-06	1634.1910612847248
155	1.0018199682235718	3.828361983441057e-06	1634.2329578386166
156	0.9975715279579163	3.883522488952925e-06	1634.2748543925081
157	0.9950052499771118	3.878340309408183e-06	1634.3167509464
158	0.9997612237930298	4.437913088148217e-06	1634.3586475002915
159	1.0069984197616577	4.033864180590692e-06	1634.4005440541832
160	1.0048470497131348	3.892113454639912e-06	1634.4424406080748
161	1.0003069639205933	3.820233095827843e-06	1634.4843371619663
162	0.9992578029632568	3.881288042369609e-06	1634.526233715858
163	1.0034412145614624	4.024904878211341e-06	1634.5681302697496
164	1.006608486175537	3.894122589069108e-06	1634.6100268236412
165	1.0032048225402832	3.8882154816140735e-06	1634.651923377533
166	0.9991306662559509	3.880875495572885e-06	1634.6938199314245
167	0.9983130097389221	3.815519683543713e-06	1634.735716485316
168	0.9995492696762085	3.880830142103756e-06	1634.7776130392076
169	0.998375654220581	3.879480209434405e-06	1634.8195095930994
170	0.991485595703125	3.868740410932029e-06	1634.861406146991
171	0.9859503507614136	3.859296217948819e-06	1634.9033027008825
172	0.9845728278160095	3.856580588035286e-06	1634.945199254774
173	0.9879651665687561	3.799870741673775e-06	1634.9870958086656
174	0.9915886521339417	4.156552537236936e-06	1635.0289923625571
175	0.9899862408638	4.322919266996905e-06	1635.0708889164487
176	0.9895622134208679	3.8654419768136e-06	1635.1127854703402
177	0.9944097399711609	3.940674952022603e-06	1635.1546820242318
178	0.9978698492050171	3.947812415547027e-06	1635.1965785781235
179	1.0010584592819214	3.954477945406889e-06	1635.238475132015
180	1.0010247230529785	4.098958689374504e-06	1635.2803716859066
181	0.9987879395484924	4.020430164278618e-06	1635.322268239798
182	0.9982686042785645	4.0923841879703104e-06	1635.3641647936895
183	0.9990432262420654	4.341734287057382e-06	1635.406061347581
184	1.002896785736084	4.101053626207566e-06	1635.4479579014726
185	1.0042568445205688	4.104299781223138e-06	1635.4898544553641
186	0.9990537166595459	3.951114445828415e-06	1635.5317510092557
187	0.9966718554496765	3.9471267192656625e-06	1635.5736475631472
188	0.9970361590385437	4.252478538546711e-06	1635.6155441170351
189	1.0005866289138794	3.8887541450094435e-06	1635.6574406709265
190	1.002500057220459	3.892320334368075e-06	1635.699337224818
191	0.9998477697372437	3.8873799591480445e-06	1635.7412337787096
192	0.9965794682502747	3.8811852088353286e-06	1635.783130332601
193	0.9973061680793762	4.018537116020785e-06	1635.8250268864924
194	1.0021544694900513	3.891220937172572e-06	1635.866923440384
195	1.0036108493804932	3.894263500114903e-06	1635.9088199942755
196	0.9989117980003357	3.8858488551341e-06	1635.9507165481668
197	0.9953295588493347	3.8160458995750356e-06	1635.9926131020584
198	0.9962528347969055	3.8806249600990364e-06	1636.03450965595
199	1.0013651847839355	3.8901157192109775e-06	1636.0764062098413
200	1.003662109375	3.894413627373675e-06	1636.1183027637328
201	0.9998931288719177	3.8873244193382565e-06	1636.1601993176241
202	0.9967495203018188	3.881301381625235e-06	1636.2020958715157
203	0.9958409667015076	4.0163644631060635e-06	1636.243992425407
204	0.9996755719184875	3.824720014592693e-06	1636.2858889792985
205	1.0030642747879028	3.894351296670114e-06	1636.3277855331899
206	0.9988660216331482	3.886075379947821e-06	1636.3696820870814
207	0.9947676062583923	3.87807716227447e-06	1636.4115786409727
208	0.9957853555679321	3.879938837296019e-06	1636.4534751948643
209	0.9996322989463806	3.887157314845051e-06	1636.4953717487556
210	1.003635287284851	3.830845197362285e-06	1636.537268302647
211	0.9993744492530823	3.885840609048804e-06	1636.5791648565385
212	0.9957708716392517	3.8790101825725286e-06	1636.6210614104298
213	0.9964708685874939	3.880282019963488e-06	1636.662957964321
214	1.0002983808517456	3.8872354101234425e-06	1636.7048545182126
215	1.004677414894104	3.895004677663868e-06	1636.746751072104
216	1.0025436878204346	3.827922609484484e-06	1636.7886476259953
217	0.9980114102363586	3.882877839108308e-06	1636.8305441798866
218	0.9973175525665283	3.881423375181233e-06	1636.8724407337781
219	0.9996163249015808	3.88557188368092e-06	1636.9143372876695
220	1.0029951333999634	3.891878441208973e-06	1636.9562338415608
221	1.0023032426834106	3.890548881220942e-06	1636.998130395452
222	0.9994871020317078	3.821942476450556e-06	1637.0400269493434
223	0.997675359249115	3.881636318207408e-06	1637.0819235032347
224	0.9989517331123352	3.88415573979728e-06	1637.123820057126
225	1.0031706094741821	3.892015471744041e-06	1637.1657166110137
226	1.0048978328704834	3.894669498549775e-06	1637.207613164905
227	1.0011944770812988	3.887088920843477e-06	1637.2495097187964
228	0.998105525970459	3.818337826223503e-06	1637.2914062726877
229	0.9980238080024719	3.882279512860502e-06	1637.333302826579
230	1.002485990524292	3.891505912179127e-06	1637.3751993804703
231	1.0043787956237793	3.89431297662668e-06	1637.4170959343617
232	1.0006824731826782	3.885959449689835e-06	1637.458992488253
233	0.9986383318901062	5.68089256246042e-06	1637.5008890421443
234	1.0019361972808838	4.8829005161104235e-06	1637.5427855960356
235	1.0068089962005615	4.105388480066149e-06	1637.584682149927
236	1.0061490535736084	4.183763779180411e-06	1637.6265787038183
237	1.0004228353500366	4.022445344682117e-06	1637.6684752577094
238	0.9974996447563171	3.948316463783126e-06	1637.7103718116007
239	0.9979003071784973	4.170878617934739e-06	1637.752268365492
240	1.0020469427108765	4.026470768232164e-06	1637.7941649193833
241	1.0036448240280151	4.029044638238182e-06	1637.8360614732744
242	0.9984889626502991	3.949448502429857e-06	1637.8779580271657
243	0.9942470788955688	3.941988387819508e-06	1637.919854581057
244	0.9952499866485596	4.165672110572744e-06	1637.9617511349481
245	0.999800980091095	3.952459494406679e-06	1638.0036476888395
246	1.000737190246582	4.023572338545429e-06	1638.0455442427308
247	0.9972333908081055	4.3375387879981036e-06	1638.0874407966219
248	0.9960945248603821	4.335516981276062e-06	1638.1293373505132
249	0.9979854226112366	3.881463878011952e-06	1638.1712339044043
250	1.0004665851593018	3.952310211828043e-06	1638.2131304582956
251	1.0020432472229004	4.098947910178039e-06	1638.2550270121867
252	0.9998346567153931	3.884621886148428e-06	1638.296923566078
253	0.9988745450973511	3.949003414539942e-06	1638.3388201199691
254	1.00014066696167	4.172941911607408e-06	1638.3807166738602
255	1.0023776292800903	4.100307436332244e-06	1638.4226132277515
256	1.0037577152252197	4.446464236420781e-06	1638.4645097816426
257	1.0010106563568115	4.176629702739704e-06	1638.506406335534
258	0.9990412592887878	4.094648897147703e-06	1638.548302889425
259	0.9994697570800781	4.0213040587592075e-06	1638.5901994433161
260	1.0013657808303833	4.099344045648144e-06	1638.6320959972074
261	1.0036513805389404	3.8935337215662e-06	1638.6739925510985
262	1.001650333404541	3.956242239680783e-06	1638.7158891049896
263	0.9989259839057922	3.884311930354064e-06	1638.7577856588807
264	0.9981850385665894	3.8823838015863055e-06	1638.7996822127682
265	1.0017338991165161	3.887896309606731e-06	1638.8415787666595
266	1.0067914724349976	3.89702666628485e-06	1638.8834753205506
267	1.0041764974594116	3.892754951569562e-06	1638.9253718744417
268	0.9992156624794006	3.8846483221277595e-06	1638.9672684283328
269	0.9979791641235352	6.725498678861186e-06	1639.0091649822239
270	1.0000072717666626	4.400187208375428e-06	1640.0565788295
271	0.9992616176605225	4.152482519943819e-06	1640.098475383391
272	1.0023475885391235	4.6113765909632836e-06	1640.1403719372818
273	1.0051888227462769	3.954310280581316e-06	1640.1822684911729
274	1.0035544633865356	4.017702253647791e-06	1640.2241650450637
275	1.001501202583313	4.236619973268646e-06	1640.2660615989548
276	1.0012966394424438	4.408325670131792e-06	1640.3079581528457
277	1.003606915473938	4.509666051371428e-06	1640.349854706733
278	1.0063183307647705	4.096730793077898e-06	1640.391751260624
279	1.003224492073059	4.334011173341423e-06	1640.4336478145149
280	0.999610960483551	4.091431297378481e-06	1640.4755443684057
281	0.9980164766311646	4.841879854211584e-06	1640.5174409222966
282	1.000778079032898	3.962884026501948e-06	1640.5593374761877
283	1.0033535957336426	3.90701625879193e-06	1640.6012340300786
284	1.0003505945205688	3.969024934728319e-06	1640.6431305839694
285	0.9964529871940613	3.964103234466165e-06	1640.6850271378603
286	0.9951115846633911	4.032073524411254e-06	1640.7269236917512
287	0.9857003688812256	1.249028840296281e-05	1640.9364064612055
288	0.9883636832237244	4.091776125798268e-06	1640.9783030150963
289	0.9918156266212463	3.957360119481261e-06	1641.0201995689872
290	0.9914496541023254	4.2487316442510255e-06	1641.062096122878
291	0.9936851263046265	3.8946130981428485e-06	1641.103992676769
292	0.9963131546974182	3.964759283311044e-06	1641.1458892306598
293	0.9989513754844666	3.970468727250894e-06	1641.1877857845507
294	1.0025525093078613	3.976261117107545e-06	1641.2296823384415
295	1.001030683517456	3.971199233395358e-06	1641.2715788923322
296	0.9981910586357117	4.0309078658224434e-06	1641.313475446223
297	0.9977136254310608	3.960243824015682e-06	1641.355372000114
298	0.9996421933174133	3.964057880997037e-06	1641.3972685540048
299	1.0023494958877563	4.3512016418389974e-06	1641.4391651078954
300	0.9962103962898254	4.153319794029274e-06	1642.235199631816
301	1.0005826950073242	3.9425571837152045e-06	1642.2770961857066
302	1.0041756629943848	3.944264608435333e-06	1642.3189927395972
303	0.9998636841773987	3.868049515726705e-06	1642.360889293488
304	0.9956544637680054	3.9211886663300295e-06	1642.4027858473787
305	0.9968708157539368	3.9217971789184954e-06	1642.4446824012693
306	1.0026731491088867	3.931617538910359e-06	1642.48657895516
307	1.0059679746627808	3.937261256699761e-06	1642.5284755090506
308	1.001792311668396	3.929635325524335e-06	1642.5703720629413
309	0.9973747134208679	3.857801212072973e-06	1642.612268616832
310	0.9979040622711182	3.922447406997283e-06	1642.6541651707225
311	1.0020945072174072	3.9292778334735585e-06	1642.6960617246132
312	1.005329966545105	3.934136232904469e-06	1642.7379582785038
313	1.001755952835083	3.926592520050084e-06	1642.7798548323944
314	0.9975701570510864	3.9177333140590536e-06	1642.821751386285
315	0.9976153373718262	3.8523954102739455e-06	1642.8636479401755
316	1.000990867614746	3.92006040783599e-06	1642.9055444940661
317	1.0048539638519287	3.924931176394845e-06	1642.9474410479568
318	1.0031085014343262	3.9196580473799255e-06	1642.9893376018474
319	1.0002835988998413	3.912614192813635e-06	1643.031234155738
320	0.9997171759605408	3.910050387882317e-06	1643.0731307096285
321	1.0015642642974854	3.848654159810394e-06	1643.115027263519
322	1.0047533512115479	3.917228120068709e-06	1643.1569238174097
323	1.004367470741272	4.572206803872674e-06	1643.1988203713001
324	1.000942587852478	4.5628691044509075e-06	1643.2407169251908
325	1.0003821849822998	4.041737546296125e-06	1643.2826134790814
326	1.0024584531784058	3.973196726292372e-06	1643.3245100329718
327	1.0070573091506958	3.9797242638526545e-06	1643.3664065868625
328	1.007167100906372	3.9788940519993674e-06	1643.4083031407529
329	1.0027562379837036	3.9042228308971975e-06	1643.4501996946435
330	0.9997002482414246	3.899650861664365e-06	1643.492096248534
331	1.0009726285934448	3.903098695445806e-06	1643.533992802421
332	1.0048056840896606	3.910694795195014e-06	1643.5758893563113
333	1.004536509513855	3.846509864689001e-06	1643.617785910202
334	1.0016213655471802	3.904415886305894e-06	1643.6596824640924
335	0.9990018010139465	3.8994839997030795e-06	1643.7015790179828
336	0.9988016486167908	3.89927881769836e-06	1643.7434755718734
337	1.002535104751587	3.906294781093796e-06	1643.7853721257638
338	1.0025734901428223	3.973033895378868e-06	1643.8272686796543
339	0.9971670508384705	3.8326320317273415e-06	1643.8691652335447
340	0.9940070509910583	3.956352633520447e-06	1643.9110617874353
341	0.9956080317497253	3.892378056965148e-06	1643.9529583413257
342	1.000216007232666	3.9001153102920705e-06	1643.9948548952161
343	1.0000046491622925	3.898789145750925e-06	1644.0367514491065
344	0.9956627488136292	3.889980628931274e-06	1644.078648002997
345	0.9937581419944763	3.822729688122749e-06	1644.1205445568874
346	0.9954031109809875	3.888703698369985e-06	1644.162441110778
347	0.9998303055763245	3.896722773788497e-06	1644.2043376646684
348	1.0012906789779663	3.899339935742318e-06	1644.2462342185588
349	0.9975096583366394	3.892243936813126e-06	1644.2881307724492
350	0.9957770109176636	3.8887720923715585e-06	1644.3300273263396
351	0.9982753992080688	3.829474031414476e-06	1644.37192388023
352	1.0022836923599243	3.899536386597901e-06	1644.4138204341205
353	1.0023014545440674	3.8992540794424714e-06	1644.4557169880106
354	0.9983025193214417	3.891903907060623e-06	1644.497613541901
355	0.9962556958198547	3.8883355349147075e-06	1644.5395100957915
356	0.9970132112503052	3.889886769078051e-06	1644.5814066496819
357	0.9997243285179138	3.89504712074995e-06	1644.6233032035723
358	1.0009764432907104	3.834259029733197e-06	1644.6651997574627
359	0.9980172514915466	3.892437962349504e-06	1644.7070963113529
360	0.9962957501411438	3.889293050936734e-06	1644.7489928652433
361	0.996586799621582	3.889679889349888e-06	1644.7908894191337
362	0.9995406866073608	3.895019472111017e-06	1644.832785973024
363	1.0032142400741577	3.901701954115803e-06	1644.8746825269143
364	1.0005117654800415	3.832956868028569e-06	1644.9165790808047
365	0.9972009658813477	3.888943804971253e-06	1644.9584756346949
366	0.9973830580711365	3.888181527145207e-06	1645.0003721885853
367	1.001698613166809	3.894796827808023e-06	1645.0422687424757
368	1.0051424503326416	3.900984302163124e-06	1645.0841652963622
369	1.0025700330734253	3.896518804443379e-06	1645.1260618502527
370	0.998475968837738	3.826212055320221e-06	1645.1679584041428
371	0.9972066283226013	3.887056906629975e-06	1645.2098549580332
372	1.0000215768814087	3.891693146821732e-06	1645.2517515119234
373	1.005441427230835	3.901573169666032e-06	1645.2936480658138
374	1.0044625997543335	3.8997927428378414e-06	1645.335544619704
375	0.9978284239768982	3.887184235888223e-06	1645.3774411735942
376	0.9953301548957825	3.818983039368064e-06	1645.4193377274846
377	0.9998348355293274	3.89058380581749e-06	1645.4612342813748
378	1.0051188468933105	3.900712666412195e-06	1645.503130835265
379	1.003476858139038	3.897213173331693e-06	1645.5450273891554
380	0.998308539390564	3.8877495777948445e-06	1645.5869239430456
381	0.9964874386787415	3.884554704806457e-06	1645.6288204969358
382	0.9991796016693115	3.826805632636552e-06	1645.670717050826
383	1.0047485828399658	3.900300604679311e-06	1645.7126136047164
384	1.0043418407440186	3.899055688331524e-06	1645.7545101586065
385	0.9990578889846802	3.889458700238416e-06	1645.7964067124967
386	0.996316134929657	3.885739958301807e-06	1645.838303266387
387	0.9984148144721985	3.889733731436233e-06	1645.880199820277
388	1.0029432773590088	3.8341949543645306e-06	1645.9220963741673
389	1.0027663707733154	3.896601507828261e-06	1645.9639929280575
390	0.9983826875686646	3.887770193008085e-06	1646.0058894819476
391	0.9967315793037415	3.884983501241853e-06	1646.0477860358378
392	0.9982491731643677	3.88807529816404e-06	1646.089682589728
393	1.001125693321228	3.893653047271073e-06	1646.1315791436182
394	1.0020519495010376	3.831553547042272e-06	1646.1734756975084
395	1.0004489421844482	3.8901778073826184e-06	1646.2153722513985
396	0.999559760093689	3.888022183673456e-06	1646.2572688052887
397	0.9981547594070435	3.885600259915615e-06	1646.299165359179
398	1.0004390478134155	4.44417199342633e-06	1646.341061913069
399	1.0017236471176147	3.894543139419208e-06	1646.382958466959
400	0.9980722069740295	3.8245334214861355e-06	1646.4248550208492
401	0.9956212639808655	3.882870805682614e-06	1646.4667515747394
402	0.9957514405250549	3.883356839651242e-06	1646.5086481286296
403	0.9986816048622131	3.889316576533019e-06	1646.5505446825196
404	1.0005806684494019	3.893053023299823e-06	1646.5924412364097
405	0.9979763627052307	3.888040858631333e-06	1646.6343377902963
406	0.9943345189094543	3.817785792278066e-06	1646.6762343441865
407	0.9892516732215881	3.871178826860463e-06	1646.7181308980764
408	0.9884710311889648	3.8696120706542086e-06	1646.7600274519666
409	0.9910260438919067	3.874366666423157e-06	1646.8019240058566
410	0.9881112575531006	3.86895602180933e-06	1646.8438205597467
411	0.9836538434028625	3.860641299979761e-06	1646.885717113637
412	0.9836006164550781	3.7977076698875714e-06	1646.9276136675269
413	0.9883037805557251	3.869348195924734e-06	1646.969510221417
414	0.9938651323318481	3.879837701485182e-06	1647.011406775307
415	0.9965431690216064	3.884803542556862e-06	1647.0533033291972
416	0.9956029653549194	3.882943807790676e-06	1647.0951998830872
417	0.9956091642379761	3.8829134913006175e-06	1647.1370964369771
418	0.9988895058631897	3.825804366985516e-06	1647.1789929908673
419	1.0021041631698608	3.894957141407455e-06	1647.2208895447573
420	0.9993692636489868	3.889782965416088e-06	1647.2627860986474
421	0.9952821135520935	3.881883215702449e-06	1647.3046826525374
422	0.9953287839889526	3.881714656017721e-06	1647.3465792064274
423	0.9996130466461182	3.889612708007917e-06	1647.3884757603173
424	1.002851128578186	3.832388169793111e-06	1647.4303723142075
425	0.9993101954460144	3.889228779977808e-06	1647.4722688680974
426	0.9961820244789124	3.883340347480649e-06	1647.5141654219874
427	0.9975703358650208	3.8859126410291845e-06	1647.5560619758774
428	0.9999948740005493	3.890480244687448e-06	1647.5979585297675
429	1.0024019479751587	3.895124730964502e-06	1647.6398550836575
430	1.0007576942443848	3.828772018858862e-06	1647.6817516375474
431	0.9976434111595154	3.88608508122464e-06	1647.7236481914374
432	0.9969936013221741	3.88466917987292e-06	1647.7655447453274
433	0.9986722469329834	3.8878039049450305e-06	1647.8074412992173
434	1.0025461912155151	3.895164021135619e-06	1647.8493378531073
435	1.0020705461502075	3.8944000455861294e-06	1647.8912344069972
436	0.9977056980133057	3.82311437504306e-06	1647.9331309608872
437	0.9962222576141357	3.883533645421267e-06	1647.9750275147771
438	0.9975232481956482	3.952178993695897e-06	1648.016924068667
439	1.0012459754943848	3.892254850749547e-06	1648.058820622557
440	1.0024702548980713	3.893757821060717e-06	1648.100717176447
441	0.9991647601127625	3.887611577132096e-06	1648.142613730337
442	0.9965786337852478	3.819525919689406e-06	1648.1845102842233
443	0.9967139363288879	3.882826907405009e-06	1648.2264068381132
444	1.0013070106506348	3.891108402361473e-06	1648.2683033920032
445	1.0037592649459839	3.8953376739906766e-06	1648.3101999458931
446	0.9991505146026611	3.886654061110069e-06	1648.352096499783
447	0.9956930875778198	3.880347018518175e-06	1648.3939930536728
448	0.9965187311172485	3.8190619013602695e-06	1648.4358896075628
449	1.0019049644470215	3.892251697834581e-06	1648.4777861614527
450	1.0042246580123901	3.896146517945454e-06	1648.5196827153427
451	0.9991958141326904	3.886155172949657e-06	1648.5615792692324
452	0.9957687854766846	3.879402841751774e-06	1648.6034758231224
453	0.9970535039901733	3.881930751958862e-06	1648.6453723770123
454	1.0012645721435547	3.826607538822798e-06	1648.6872689309023
455	1.0043730735778809	3.895331853224586e-06	1648.729165484792
456	1.0011461973190308	3.889150199635575e-06	1648.771062038682
457	0.9975021481513977	3.8824859075248245e-06	1648.8129585925717
458	0.9969556331634521	3.881885398489734e-06	1648.8548551464617
459	1.0020841360092163	3.891494755710786e-06	1648.8967517003516
460	1.005172610282898	3.833381924778223e-06	1648.9386482542413
461	1.0016433000564575	3.889759924883644e-06	1648.9805448081313
462	0.9983784556388855	3.883388126268983e-06	1649.022441362021
463	0.9991356134414673	3.884493101698657e-06	1649.064337915911
464	1.002335786819458	3.890120327317466e-06	1649.1062344698007
465	1.0045524835586548	3.894040128216148e-06	1649.1481310236907
466	1.0018943548202515	3.8258583498968475e-06	1649.1900275775804
467	0.9992614984512329	3.884404335015764e-06	1649.2319241314704
468	0.9989761114120483	3.884057029305646e-06	1649.27382068536
469	1.0008848905563354	3.887445927830413e-06	1649.3157172392498
470	1.0045241117477417	3.8942268777949115e-06	1649.3576137931398
471	1.0030205249786377	3.891374217346311e-06	1649.3995103470295
472	0.9992930293083191	4.343113990519972e-06	1649.4414069009192
473	0.9978395700454712	3.8831021811347455e-06	1649.4833034548092
474	0.9984058141708374	3.8850077544339e-06	1649.525200008699
475	1.0015089511871338	3.8910909400631985e-06	1649.5670965625886
476	1.0011214017868042	3.890107473125682e-06	1649.6089931164786
477	0.9987240433692932	3.885244708120202e-06	1649.6508896703683
478	0.9971022009849548	3.818910279791922e-06	1649.692786224258
479	0.9964863657951355	3.880896353318046e-06	1649.7346827781441
480	0.9997901916503906	3.88697759869198e-06	1649.776579332034
481	0.9990053176879883	3.885460318997502e-06	1649.8184758859238
482	0.9953123331069946	3.878457452325771e-06	1649.8603724398135
483	0.9936931133270264	3.875038964906708e-06	1649.9022689937033
484	0.9955130815505981	3.877768661671629e-06	1649.944165547593
485	1.0003665685653687	3.822952661017377e-06	1649.9860621014827
486	1.0005781650543213	3.8861699673968055e-06	1650.0279586553727
487	0.9959214329719543	3.877367513875167e-06	1650.0698552092624
488	0.9944890141487122	3.874687536153942e-06	1650.1117517631521
489	0.9975596070289612	3.8803729694336654e-06	1650.1536483170419
490	1.0027319192886353	3.889847236375014e-06	1650.1955448709316
491	1.003946304321289	3.828678135534808e-06	1650.2374414248213
492	1.0009973049163818	3.886519213362286e-06	1650.279337978711
493	0.9982395768165588	3.881454176735133e-06	1650.3212345326008
494	0.9995172023773193	3.883463068632409e-06	1650.3631310864905
495	1.0046982765197754	3.892624711928269e-06	1650.4050276403802
496	1.0049504041671753	3.892905078828335e-06	1650.44692419427
497	1.0000393390655518	3.820761893650577e-06	1650.4888207481597
498	0.9991223812103271	3.882421879097819e-06	1650.5307173020494
499	1.0015232563018799	3.886906536839282e-06	1650.572613855939
500	1.0045371055603027	3.8923739339225e-06	1650.6145104098287
501	1.0049889087677002	3.8929429138079286e-06	1650.6564069637184
502	1.0017306804656982	3.886590032683065e-06	1650.698303517608
503	1.0006921291351318	3.821285997307108e-06	1650.7402000714978
504	1.0013275146484375	3.885562424936021e-06	1650.7820966253876
505	1.0045963525772095	3.891619902181749e-06	1650.8239931792773
506	1.0070853233337402	3.896150883520022e-06	1650.8658897331668
507	1.003225564956665	3.8889195517792055e-06	1650.9077862870565
508	1.0004584789276123	3.8836975969995064e-06	1650.9496828409463
509	1.001921534538269	3.823054524423975e-06	1650.991579394836
510	1.0059577226638794	3.893436708798011e-06	1651.0334759487255
511	1.0084376335144043	3.897744560769449e-06	1651.0753725026152
512	1.0061609745025635	3.893262328347191e-06	1651.117269056505
513	1.002903938293457	3.887060544608782e-06	1651.1591656103947
514	1.0015097856521606	3.8844698186342915e-06	1651.2010621642842
515	1.0043463706970215	3.826440191797671e-06	1651.242958718174
516	1.0086699724197388	3.897272836184129e-06	1651.2848552720636
517	1.0071678161621094	3.893891698680818e-06	1651.3267518259531
518	1.0032641887664795	3.886261644462744e-06	1651.3686483798392
519	1.0014511346817017	3.882671444443986e-06	1651.4105449337287
520	1.0050326585769653	3.888829087372869e-06	1651.4524414876184
521	1.0107698440551758	3.83534197387616e-06	1651.4943380415082
522	1.0090512037277222	3.894980909535661e-06	1651.5362345953977
523	1.0033982992172241	3.884286949566255e-06	1651.5781311492874
524	1.0024011135101318	3.8825969871444006e-06	1651.620027703177
525	1.005807876586914	3.8890915069108205e-06	1651.6619242570666
526	1.0100104808807373	3.896781951577092e-06	1651.7038208109561
527	1.0088104009628296	3.831047515925621e-06	1651.7457173648459
528	1.003467321395874	3.8846381357870994e-06	1651.7876139187354
529	1.0009175539016724	3.880217991536483e-06	1651.829510472625
530	1.0034430027008057	3.8849248085170984e-06	1651.8714070265146
531	1.009404182434082	3.895633077869812e-06	1651.9133035804043
532	1.0081071853637695	3.892889314253504e-06	1651.9552001342938
533	1.0033655166625977	3.820746402902108e-06	1651.9970966881835
534	1.0031611919403076	3.883461613440886e-06	1652.038993242073
535	1.0052753686904907	3.887185448547825e-06	1652.0808897959628
536	1.0086474418640137	3.893186415856083e-06	1652.1227863498523
537	1.0075217485427856	3.890600297988082e-06	1652.1646829037418
538	1.0045706033706665	3.884580655721947e-06	1652.2065794576315
539	1.0039347410202026	3.819659703426183e-06	1652.248476011521
540	1.0046855211257935	3.883717969680826e-06	1652.2903725654105
541	1.0090733766555786	3.891497423561911e-06	1652.3322691193002
542	1.0100857019424438	3.893082854726041e-06	1652.3741656731897
543	1.0059716701507568	3.885254651928942e-06	1652.4160622270792
544	1.0046641826629639	3.882631911740949e-06	1652.457958780969
545	1.0061966180801392	3.822067106563237e-06	1652.4998553348585
546	1.0099165439605713	3.891839636101698e-06	1652.541751888748
547	1.010231852531433	3.89224611960041e-06	1652.5836484426375
548	1.0055934190750122	3.883712876510496e-06	1652.6255449965272
549	0.9989922642707825	3.871113343241935e-06	1652.6674415504167
550	0.9952391982078552	3.862544205427791e-06	1652.7093381043062
551	0.9986556768417358	3.8037514088735466e-06	1652.7512346581957
552	1.001941442489624	3.871651036509623e-06	1652.7931312120854
553	0.9989737868309021	3.866836292824398e-06	1652.835027765975
554	0.9944074749946594	3.859971669347336e-06	1652.876523946774
555	1.0043201446533203	3.6688066115055015e-06	2361.8010368143778
556	1.0061581134796143	3.7262414645572956e-06	2361.847467787298
557	0.9988546371459961	3.713687571386496e-06	2361.893898760218
558	0.9968141913414001	3.655536976807258e-06	2361.9403297331382
559	1.0003557205200195	3.7167478832557346e-06	2361.9867607060582
560	1.0092310905456543	3.676881640464725e-06	2362.033191678982
561	1.0055787563323975	3.725879430545099e-06	2362.079622651902
562	0.9958208799362183	3.6539114422767478e-06	2362.126053624822
563	0.9965862035751343	3.7102123094496853e-06	2362.1724845977456
564	1.006224513053894	3.72697699772702e-06	2362.2189155706656
565	1.0092984437942505	3.676988639841404e-06	2362.2653465435856
566	0.999740481376648	3.7156578125149915e-06	2362.3117775165056
567	0.9955289363861084	3.6532985498471295e-06	2362.3582084894256
568	1.0001802444458008	3.7163077980618584e-06	2362.404639462349
569	1.0087237358093262	3.6758463144959773e-06	2362.4510704352692
570	1.0043600797653198	3.723550242174304e-06	2362.497501408189
571	0.9953031539916992	3.707701001654972e-06	2362.543932381109
572	0.9939207434654236	3.6503663389286135e-06	2362.590363354029
573	1.0004838705062866	3.7166552801588266e-06	2362.6367943269524
574	1.00637686252594	3.6716613548753015e-06	2362.6832252998724
575	0.9994440078735352	3.7147450105597577e-06	2362.7296562727925
576	0.9927471280097961	3.648085968212827e-06	2362.776087245716
577	0.9962924718856812	3.7090428646258786e-06	2362.8225182186357
578	1.0038210153579712	3.7221700150632495e-06	2362.8689491915557
579	1.0039551258087158	3.667201192857807e-06	2362.9153801644757
580	0.9986581802368164	3.7130759499797765e-06	2362.9618111373957
581	0.9965062141418457	3.654270532184883e-06	2363.0082421103193
582	0.9979974031448364	3.711828013007162e-06	2363.054673083239
583	1.005379557609558	3.6694331998553345e-06	2363.101104056159
584	1.0031591653823853	3.7207068861321066e-06	2363.147535029079
585	0.9963013529777527	3.708755354058336e-06	2363.1939660019984
586	0.9959684610366821	3.7081256529993634e-06	2363.240396974922
587	1.0011745691299438	3.7171628333233073e-06	2363.286827947842
588	1.0057309865951538	3.6698243895764735e-06	2363.3332589207616
589	1.0010297298431396	3.7168471008595643e-06	2363.3796898936853
590	0.9966644048690796	3.6542987800203264e-06	2363.4261208666053
591	0.9969290494918823	3.709784130368269e-06	2363.472551839525
592	1.0057412385940552	3.7251416925397334e-06	2363.518982812445
593	1.0077177286148071	3.673404588720159e-06	2363.565413785365
594	0.9990031123161316	3.713583062177129e-06	2363.611844758288
595	0.9959283471107483	3.653365745455684e-06	2363.658275731208
596	1.002472996711731	3.719847882166505e-06	2363.7047067041276
597	1.0105894804000854	3.6786659620702267e-06	2363.7511376770512
598	1.004469394683838	3.723487183874981e-06	2363.797568649971
599	0.9986957311630249	3.7135239725819593e-06	2363.843999622891
600	1.0007232427597046	3.662078918697422e-06	2363.8904305958104
601	1.0053813457489014	3.7253238119636522e-06	2363.9368615687304
602	1.0032780170440674	3.66662339622374e-06	2363.9832925416536
603	0.9944504499435425	3.7064662936962014e-06	2364.0297235145736
604	0.9921436309814453	3.647764542085283e-06	2364.076154487493
605	0.9973239302635193	3.711804200782243e-06	2364.122585460413
606	1.0030370950698853	3.721940712156621e-06	2364.1690164333327
607	0.9977631568908691	3.6578010836177887e-06	2364.2154474062563
608	0.9923948645591736	3.7034549291781857e-06	2364.261878379176
609	0.9948830604553223	3.6528316045673014e-06	2364.308309352096
610	1.0005378723144531	3.7175376553822197e-06	2364.354740325019
611	1.003909945487976	3.6681496353326915e-06	2364.4011712979386
612	0.9988927841186523	3.7147511840995513e-06	2364.4476022708586
613	0.9976989030838013	3.7128651676925295e-06	2364.494033243778
614	0.9988328218460083	3.660089158288696e-06	2364.5404642166977
615	1.0041353702545166	3.724547268851011e-06	2364.5868951896214
616	1.0025416612625122	3.666818135089296e-06	2364.633326162541
617	0.9959948062896729	3.710580517001676e-06	2364.6797571354605
618	0.9965224266052246	3.6564935512347696e-06	2364.7261881083805
619	1.0013060569763184	3.719778650327388e-06	2364.7726190813
620	1.0051226615905762	3.726399330789167e-06	2364.819050054223
621	0.9995326995849609	3.6616278093253426e-06	2364.865481027143
622	0.9959031343460083	3.7103274018701278e-06	2364.911912000063
623	0.9961470365524292	3.655828015111825e-06	2364.958342972986
624	1.0021132230758667	3.7212197309021247e-06	2365.0047739459055
625	1.006201148033142	3.6731649101163974e-06	2365.051204918825
626	0.9989696741104126	3.7158813828489547e-06	2365.097635891745
627	0.9956964254379272	3.7101898201261507e-06	2365.1440668646646
628	1.0007388591766357	3.6639257279389043e-06	2365.190497837588
629	1.0100253820419312	3.735080650640708e-06	2365.2369288105074
630	1.004889726638794	3.67093290311887e-06	2365.283359783427
631	0.9953758716583252	3.7094004889667938e-06	2365.3297907563465
632	0.9953936338424683	3.6543565596837332e-06	2365.3762217292665
633	1.003890872001648	3.7240467711605807e-06	2365.4226527021897
634	1.0077918767929077	3.7309311499649827e-06	2365.4690836751092
635	0.9994767308235168	3.6616855889887494e-06	2365.515514648029
636	0.9942324161529541	3.707778611869523e-06	2365.561945620952
637	0.9986039400100708	3.660583495408954e-06	2365.6083765938715
638	1.0084614753723145	3.7328696414602525e-06	2365.654807566791
639	1.0063345432281494	3.6739288856658866e-06	2365.7012385397106
640	0.9972100853919983	3.7132823225957425e-06	2365.74766951263
641	0.9975210428237915	3.7138092783138608e-06	2365.7941004855534
642	1.003616213798523	3.669267564820235e-06	2365.840531458473
643	1.0073869228363037	3.731092102966751e-06	2365.8869624313925
644	1.0018831491470337	3.6664466332534655e-06	2365.9333934043157
645	0.9977952241897583	3.714560686300198e-06	2365.979824377235
646	0.9980494379997253	3.6599556230666007e-06	2366.0262553501548
647	1.003704309463501	3.7248114081607624e-06	2366.0726863230743
648	1.0075925588607788	3.731488532414942e-06	2366.119117295994
649	1.0013164281845093	3.665444263092735e-06	2366.165548268917
650	0.9967561364173889	3.7126098477253406e-06	2366.2119792418366
651	0.9989147186279297	3.661355174913564e-06	2366.258410214756
652	1.005330204963684	3.727526442768673e-06	2366.3048411876757
653	1.002522349357605	3.66733900805497e-06	2366.3512721605953
654	0.9972894787788391	3.713004072337891e-06	2366.3977031335185
655	0.9962335228919983	3.7110131057543736e-06	2366.444134106438
656	1.0006139278411865	3.663617141736562e-06	2366.490565079357
657	1.0053924322128296	3.727126044616329e-06	2366.5369960522803
658	1.0007179975509644	3.6641658345401723e-06	2366.5834270252
659	0.9950028657913208	3.7095036752747768e-06	2366.6298579981194
660	0.9952194094657898	3.6550957113778328e-06	2366.676288971039
661	1.0033092498779297	3.7241878806415833e-06	2366.7227199439585
662	1.0026708841323853	3.7229298014250216e-06	2366.7691509168812
663	0.9934804439544678	3.6520145573269794e-06	2366.815581889801
664	0.9860837459564209	3.6941084104138566e-06	2366.8620128627203
665	0.9814202785491943	3.6314094733611186e-06	2366.90844383564
666	0.9852288961410522	3.692679456435144e-06	2366.954874808559
667	0.980795681476593	3.6302431801553157e-06	2367.001305781482
668	0.9752081632614136	3.6749730828556824e-06	2367.0477367544017
669	0.976426899433136	3.676997562940938e-06	2367.0941677273213
670	0.985127866268158	3.6374549381434917e-06	2367.140598700244
671	0.9921397566795349	3.704270277398102e-06	2367.1870296731636
672	0.9936955571174622	3.652201164239908e-06	2367.233460646083
673	0.9936593770980835	3.7070338183901077e-06	2367.2798916190027
674	0.9999370574951172	3.662808226448867e-06	2367.326322591922
675	1.00580632686615	3.727835560725494e-06	2367.372753564845
676	1.0015814304351807	3.7202266729295705e-06	2367.4191845377645
677	0.9989838600158691	3.660471788059701e-06	2367.4656155106836
678	1.0009396076202393	3.719001666247619e-06	2367.512046483603
679	1.0053644180297852	3.6715603474637166e-06	2367.5584774565223
680	1.0084279775619507	3.732323724155625e-06	2367.6049084294455
681	1.002117395401001	3.666512116871993e-06	2367.651339402365
682	0.9995093941688538	3.716959988444366e-06	2367.697770375284
683	1.0008879899978638	3.719715592028065e-06	2367.7442013482073
684	1.0075701475143433	3.675701651338707e-06	2367.7906323211264
685	1.006087064743042	3.728961790770744e-06	2367.837063294046
686	1.0007179975509644	3.664440608939485e-06	2367.8834942669655
687	1.0006639957427979	3.7195863886595224e-06	2367.9299252398846
688	1.0041399002075195	3.670320866684265e-06	2367.976356212808
689	1.0098271369934082	3.7353262693310776e-06	2368.022787185727
690	1.0061309337615967	3.7286500270111542e-06	2368.0692181586464
691	0.9994504451751709	3.6618965917595608e-06	2368.1156491315655
692	0.9983124136924744	3.7151846547865053e-06	2368.162080104485
693	1.007462501525879	3.6753815092036828e-06	2368.208511077408
694	1.0089420080184937	3.7341788728636773e-06	2368.2549420503274
695	1.001924753189087	3.969323909680905e-06	2368.3013730232465
696	0.9965457916259766	3.8934354961384084e-06	2368.3478039961697
697	1.0004478693008423	3.7182868585329163e-06	2368.3942349690888
698	1.0077673196792603	3.6754820886177615e-06	2368.440665942008
699	1.0048755407333374	3.725726414951637e-06	2368.4870969149274
700	0.9948710203170776	3.6534770248074303e-06	2368.5335278878465
701	0.9928165674209595	3.7050701917685345e-06	2368.5799588607697
702	1.001447081565857	3.665332983740989e-06	2368.626389833689
703	1.008086085319519	3.7322994709635773e-06	2368.672820806608
704	0.9992750883102417	3.662020283039002e-06	2368.7192517795274
705	0.9935742020606995	3.7071114286046587e-06	2368.7656827524465
706	0.9979076981544495	3.714587585295014e-06	2368.8121137253697
707	1.006912350654602	3.674988607492517e-06	2368.858544698289
708	1.0063410997390747	3.7293202970459154e-06	2368.904975671208
709	0.9978516697883606	3.659570853308062e-06	2368.951406644131
710	0.9960923790931702	3.7113627926869825e-06	2368.99783761705
711	1.0004212856292725	3.6635739139883834e-06	2369.0442685899693
712	1.00495445728302	3.7263574389119944e-06	2369.090699562889
713	1.0012621879577637	3.719902121123265e-06	2369.137130535808
714	0.9964369535446167	3.656560318845817e-06	2369.1835615087307
715	0.9966527819633484	3.7119347270521703e-06	2369.22999248165
716	1.0029720067977905	3.6678093773148518e-06	2369.2764234545693
717	1.0068949460983276	3.7296377933781706e-06	2369.322854427492
718	1.0011637210845947	3.6644016611663734e-06	2369.369285400411
719	0.9974292516708374	3.7127835887738248e-06	2369.4157163733303
720	0.9989616870880127	3.715362805506271e-06	2369.46214734625
721	1.0053709745407104	3.6713609006255865e-06	2369.508578319169
722	1.0060981512069702	3.7279643231269084e-06	2369.5550092920917
723	0.9998831748962402	3.6623258732587976e-06	2369.6014402650108
724	0.997310996055603	3.71323337524452e-06	2369.64787123793
725	1.003458857536316	3.6689953584059637e-06	2369.694302210849
726	1.009772539138794	3.7351022580299866e-06	2369.7407331837685
727	1.003409504890442	3.7239784212557203e-06	2369.7871641566912
728	0.9978945255279541	3.659291798933683e-06	2369.8335951296103
729	0.9982097744941711	3.7150069450338683e-06	2369.8800261025294
730	1.0021085739135742	3.6667393835480598e-06	2369.926457075452
731	1.0011149644851685	3.720089532152721e-06	2369.9728880483713
732	0.9946384429931641	3.653604140066925e-06	2370.0193190212904
733	0.9909708499908447	3.7018780307279844e-06	2370.0657499942095
734	0.9959283471107483	3.710393987906476e-06	2370.1121809671286
735	1.0032907724380493	3.668018240098129e-06	2370.1586119400517
736	0.9974198937416077	3.712900886029908e-06	2370.205042912971
737	0.9912843108177185	3.6473772043417044e-06	2370.25147388589
738	0.9936150312423706	3.7063957389557e-06	2370.297904858809
739	1.0024503469467163	3.6666396601289947e-06	2370.344335831728
740	1.0036041736602783	3.723580227939017e-06	2370.390766804651
741	0.9962509870529175	3.7104993790500993e-06	2370.43719777757
742	0.9950492978096008	3.653421813129064e-06	2370.483628750489
743	0.9995933175086975	3.7163483670376465e-06	2370.530059723412
744	1.0049158334732056	3.670483933734324e-06	2370.576490696331
745	1.0009636878967285	3.7190761896922733e-06	2370.62292166925
746	0.9949563145637512	3.6539332701495903e-06	2370.669352642169
747	0.9953005313873291	3.7096139170568097e-06	2370.715783615088
748	1.0016530752182007	3.7206954209867753e-06	2370.762214588011
749	1.0040624141693115	3.669639066656065e-06	2370.8086455609296
750	0.9962923526763916	3.7113248695139633e-06	2370.8550765338487
751	0.9940059781074524	3.6524682346840993e-06	2370.9015075067678
752	0.9968815445899963	3.7125084252858702e-06	2370.947938479687
753	1.0033880472183228	3.668640548472895e-06	2370.9943694526096
754	1.0033800601959229	3.723593897919989e-06	2371.0408004255287
755	0.9981544017791748	3.7142211416115365e-06	2371.087231398448
756	0.9958939552307129	3.6551667589639477e-06	2371.1336623713705
757	1.001591444015503	3.720028237721911e-06	2371.1800933442896
758	1.009458065032959	3.678440407384187e-06	2371.2265243172083
759	1.0036771297454834	3.7237680799356014e-06	2371.2729552901274
760	0.996432363986969	3.6561203374089124e-06	2371.3193862630465
761	0.997390866279602	3.7124652105073133e-06	2371.365817235969
762	1.0060679912567139	3.7273006675990694e-06	2371.4122482088883
763	1.0094258785247803	3.6776284961139456e-06	2371.458679181807
764	1.0015785694122314	3.719227882384351e-06	2371.5051101547297
765	0.9968448877334595	3.656003494089579e-06	2371.5515411276488
766	1.0009937286376953	3.7183971003149496e-06	2371.597972100568
767	1.0102248191833496	3.679360602023628e-06	2371.6444030734865
768	1.0075099468231201	3.7303212924267757e-06	2371.6908340464056
769	0.9987497329711914	3.715168779969893e-06	2371.7372650193283
770	0.9989054203033447	3.660417432376348e-06	2371.7836959922474
771	1.0069421529769897	3.7293238247829406e-06	2371.830126965166
772	1.0120450258255005	3.6827978500000696e-06	2371.876557938085
773	1.0034222602844238	3.7233421056898255e-06	2371.9229889110043
774	0.997890830039978	3.6586716305464506e-06	2371.9694198839265
775	1.000905990600586	3.718934639244143e-06	2372.0158508568456
776	1.0083898305892944	3.7316927001952673e-06	2372.0622818297647
777	1.0073180198669434	3.6745002623373533e-06	2372.108712802687
778	1.000443935394287	3.7178247249826337e-06	2372.155143775606
779	0.9976553916931152	3.6581490455907497e-06	2372.201574748525
780	1.0014758110046387	3.7198223060730733e-06	2372.248005721444
781	1.0075703859329224	3.6750879029140753e-06	2372.294436694363
782	1.0023317337036133	3.7210856768951723e-06	2372.3408676672857
783	0.9977837800979614	3.712784470708081e-06	2372.3872986402043
784	0.9973794221878052	3.6567713216166285e-06	2372.4337296131234
785	1.0028769969940186	3.7211968006114615e-06	2372.480160586042
786	1.0055665969848633	3.670603773036205e-06	2372.526591558961
787	0.9993407726287842	3.7150647117276536e-06	2372.5730225318835
788	0.9952242374420166	3.653105950969107e-06	2372.6194535048026
789	0.997000515460968	3.711493759924038e-06	2372.665884477721
790	1.0031142234802246	3.7226206834682008e-06	2372.712315450644
791	0.9998975396156311	3.6621144424904796e-06	2372.7587464235626
792	0.9903438687324524	3.7004387140217605e-06	2372.8051773964817
793	0.9791845679283142	3.6261904717642155e-06	2372.8516083694003
794	0.9800562858581543	3.682199211184387e-06	2372.8980393423194
795	0.9848582148551941	3.6358666393960662e-06	2372.9444703152417
796	0.978901743888855	3.68009712088458e-06	2372.990901288161
797	0.9745174646377563	3.6724044493343118e-06	2373.0373322610794
798	0.9766064882278442	3.6216061904697734e-06	2373.0837632339985
799	0.98957359790802	3.6988194827272585e-06	2373.130194206917
800	1.000640869140625	3.66311809664373e-06	2373.17662517984
801	0.995059609413147	3.7088135617192495e-06	2373.2230561527585
802	0.9941062927246094	3.6521472365540616e-06	2373.269487125677
803	1.0008729696273804	3.718945222455218e-06	2373.3159180986
804	1.0076113939285278	3.7302639667001185e-06	2373.3623490715186
805	1.0021990537643433	3.6655649583896295e-06	2373.4087800444377
806	0.9974789619445801	3.7120956800539386e-06	2373.4552110173563
807	0.9994860291481018	3.6605963353341554e-06	2373.501641990275
808	1.006173014640808	3.727003896721836e-06	2373.5480729631977
809	1.0063652992248535	3.6723957985968274e-06	2373.5945039361163
810	0.9995498657226562	3.715779519442356e-06	2373.640934909035
811	0.9975832104682922	3.7128148974399222e-06	2373.687365881954
812	1.0030494928359985	3.667823501232573e-06	2373.7337968548727
813	1.00990891456604	3.735064775824095e-06	2373.780227827795
814	1.0042518377304077	3.6700709161403425e-06	2373.8266588007136
815	0.9987634420394897	3.7156141567693064e-06	2373.8730897736327
816	1.000881314277649	3.663807172629544e-06	2373.919520746555
817	1.004136562347412	3.724582546221262e-06	2373.9659517194737
818	1.0078178644180298	3.730818262380181e-06	2374.0123826923923
819	1.002880334854126	3.6675076390726165e-06	2374.0588136653114
820	0.999552845954895	3.716761994203835e-06	2374.10524463823
821	0.999843955039978	3.6619282635750576e-06	2374.1516756111523
822	1.0073308944702148	3.7299579355131947e-06	2374.198106584071
823	1.0050854682922363	3.671230361386038e-06	2374.2445375569896
824	0.9973863363265991	3.7131125502514117e-06	2374.2909685299087
825	0.9959383010864258	3.7106030063252105e-06	2374.3373995028273
826	0.9998469352722168	3.6621461143059765e-06	2374.3838304757496
827	1.0061520338058472	3.727625660372503e-06	2374.4302614486683
828	1.0018709897994995	3.66451550850316e-06	2374.476692421587
829	0.9951671361923218	3.707998654466461e-06	2374.523123394509
830	0.9964356422424316	3.6549694521133515e-06	2374.569554367428
831	1.003748893737793	3.7222251359542664e-06	2374.615985340347
832	1.0080080032348633	3.6735509638674557e-06	2374.6624163132656
833	0.9998369812965393	3.714136034955807e-06	2374.708847286184
834	0.9930203557014465	3.701411046539292e-06	2374.7552782591065
835	0.9968736171722412	3.6526381496942657e-06	2374.801709232025
836	1.0061978101730347	4.1162221114737565e-06	2374.848140204944
837	0.9991061687469482	4.876544392716728e-06	2375.869621609171
838	1.0022811889648438	3.706315041971252e-06	2375.91605258209
839	0.9998794794082642	3.6477726740379105e-06	2375.962483555012
840	0.9945620894432068	3.6934654803410396e-06	2376.0089145279308
841	0.9931624531745911	3.6916453885196736e-06	2376.0553455008494
842	0.9969969391822815	3.64383081700105e-06	2376.101776473771
843	1.0021198987960815	3.708004828006255e-06	2376.14820744669
844	0.9975128173828125	3.645329236272065e-06	2376.1946384196085
845	0.9917099475860596	3.690370773035807e-06	2376.241069392527
846	0.9949970245361328	3.6417212172904434e-06	2376.2875003654453
847	1.0052318572998047	3.714739277987092e-06	2376.3339313383676
848	1.00581693649292	3.716156105369781e-06	2376.3803623112863
849	0.9990234375	3.649652867084917e-06	2376.4267932842045
850	0.9966681599617004	3.7006486143747512e-06	2376.473224257123
851	1.0001362562179565	3.6521112847634973e-06	2376.5196552300417
852	1.006564736366272	3.7184874985762164e-06	2376.5660862029636
853	1.001392126083374	3.65475716535002e-06	2376.612517175882
854	0.9948573112487793	3.6984667090247525e-06	2376.658948148801
855	0.9954993724822998	3.6997662391513586e-06	2376.7053791217227
856	1.004004716873169	3.659813099896864e-06	2376.7518100946413
857	1.005871295928955	3.7182604005052284e-06	2376.79824106756
858	0.9980478882789612	3.6499674452523537e-06	2376.844672040478
859	0.9967939257621765	3.702790832683218e-06	2376.891103013397
860	1.0007696151733398	3.6549086764673975e-06	2376.9375339863186
861	1.0081216096878052	3.722876885369646e-06	2376.9839649592373
862	1.004734992980957	3.7170922785828058e-06	2377.0303959321554
863	0.9988112449645996	3.6520119893419393e-06	2377.0768269050777
864	0.9986329674720764	3.7067833490613284e-06	2377.123257877996
865	1.0029921531677246	3.65949424175436e-06	2377.1696888509146
866	1.0097535848617554	3.7264906109846905e-06	2377.2161198238327
867	1.004183292388916	3.6618653479415705e-06	2377.2625507967514
868	0.9974675178527832	3.7052108602824085e-06	2377.308981769673
869	0.9996614456176758	3.7091830921726245e-06	2377.355412742592
870	1.0073957443237305	3.667531178935486e-06	2377.40184371551
871	1.0083718299865723	3.7244992034340445e-06	2377.4482746884287
872	1.001092791557312	3.657026408130632e-06	2377.494705661347
873	0.9960959553718567	3.7033879021747094e-06	2377.541136634269
874	0.9995427131652832	3.6546475979883006e-06	2377.5875676071873
875	1.009917974472046	3.727686513836185e-06	2377.6339985801055
876	1.006806492805481	3.7223596309283464e-06	2377.680429553028
877	0.9975495934486389	3.6514145048225626e-06	2377.726860525946
878	0.9959567785263062	3.703603094133238e-06	2377.7732914988646
879	1.0056226253509521	3.6653997513520368e-06	2377.819722471783
880	1.0096263885498047	3.7275974384763022e-06	2377.866153444701
881	1.0005725622177124	3.6569331046741674e-06	2377.9125844176233
882	0.9952552318572998	3.702730861153792e-06	2377.9590153905415
883	0.997460126876831	3.706629010566482e-06	2378.0054463634597
884	1.0053060054779053	3.665312867858173e-06	2378.0518773363783
885	1.004394292831421	3.7188975980053796e-06	2378.0983083092965
886	0.9959251284599304	3.6493374329224665e-06	2378.1447392822183
887	0.9938789010047913	3.7008320567000545e-06	2378.1911702551365
888	1.0002416372299194	3.6569155567763923e-06	2378.237601228055
889	1.0051357746124268	3.7207734721684545e-06	2378.284032200977
890	0.9991004467010498	3.7101721814410253e-06	2378.330463173895
891	0.9935876131057739	3.6459237248088946e-06	2378.3768941468134
892	0.9951363801956177	3.703495498153974e-06	2378.423325119732
893	1.001266360282898	3.6593294627142743e-06	2378.46975609265
894	1.001146912574768	3.7143084531029067e-06	2378.516187065572
895	0.9936445951461792	3.646649608580286e-06	2378.56261803849
896	0.9921732544898987	3.69904459644617e-06	2378.6090490114084
897	0.9965870976448059	3.7071471469420376e-06	2378.655479984327
898	1.002409815788269	3.66220175398185e-06	2378.701910957245
899	0.9956817626953125	3.7058423252098938e-06	2378.748341930167
900	0.9800337553024292	3.62403122434283e-06	2378.7947729030852
901	0.9773063659667969	3.673989505676383e-06	2378.8412038760034
902	0.9812561273574829	3.6266518530764562e-06	2378.8876348489252
903	0.982977569103241	3.6843762658959762e-06	2378.9340658218434
904	0.977420449256897	3.620413789416061e-06	2378.9804967947616
905	0.9752599596977234	3.6710491368659968e-06	2379.02692776768
906	0.9795582890510559	3.6787391626134966e-06	2379.073358740598
907	0.997977077960968	3.656202940927709e-06	2379.1197897135203
908	1.0037578344345093	3.721583528782834e-06	2379.1662206864385
909	0.9965980648994446	3.654180224710966e-06	2379.2126516593567
910	0.9944936633110046	3.705349323960642e-06	2379.259082632275
911	1.0022540092468262	3.6638444084126284e-06	2379.305513605193
912	1.0086921453475952	3.7300174660754926e-06	2379.351944578115
913	1.0024197101593018	3.718958451469062e-06	2379.398375551033
914	0.9968997836112976	3.654858600759112e-06	2379.4448065239512
915	0.9993634223937988	3.714270088962759e-06	2379.4912374968726
916	1.0077941417694092	3.6738732459900133e-06	2379.537668469791
917	1.0085117816925049	3.7308495710462783e-06	2379.584099442709
918	0.9996731877326965	3.6606900667881266e-06	2379.630530415627
919	0.9986753463745117	3.7141876281097983e-06	2379.6769613885454
920	1.0037221908569336	3.7228720347312363e-06	2379.723392361467
921	1.008967399597168	3.6769578240209205e-06	2379.7698233343854
922	1.0038458108901978	3.72328433899604e-06	2379.8162543073036
923	0.9976389408111572	3.6575922208345113e-06	2379.8626852802217
924	0.999737024307251	3.716393786651844e-06	2379.90911625314
925	1.0075627565383911	3.67464406949961e-06	2379.9555472260613
926	1.008652687072754	3.7317910358648407e-06	2380.0019781989795
927	1.0006510019302368	3.7181029752404853e-06	2380.0484091718977
928	0.9989215731620789	3.6600202506901147e-06	2380.0948401448195
929	1.0023784637451172	3.721393912917737e-06	2380.1412711177377
930	1.0084154605865479	3.7315568823198024e-06	2380.1877020906554
931	1.0055004358291626	3.7269946364121456e-06	2380.2341330635736
932	0.997757077217102	3.6583275205510505e-06	2380.280564036492
933	0.9956505298614502	3.709697700811155e-06	2380.3269950094136
934	1.0022871494293213	3.7208360895006494e-06	2380.3734259823314
935	1.0078638792037964	3.675227430101265e-06	2380.4198569552495
936	1.0016359090805054	3.72007101153334e-06	2380.4662879281714
937	0.9969003200531006	3.657450553659788e-06	2380.5127189010896
938	0.9990399479866028	3.716171980186394e-06	2380.5591498740073
939	1.0059525966644287	3.6734015927376117e-06	2380.6055808469255
940	1.008774757385254	3.7335990010901834e-06	2380.6520118198437
941	1.000227451324463	3.7194735010747206e-06	2380.698442792765
942	0.9958979487419128	3.6561695571221848e-06	2380.744873765683
943	0.9999648332595825	3.7189403718168084e-06	2380.791304738601
944	1.0099444389343262	3.680359120206798e-06	2380.837735711519
945	1.0066468715667725	3.7305369253524323e-06	2380.8841666844373
946	1.0002901554107666	3.6642518620390227e-06	2380.9305976573587
947	0.9987516403198242	3.7163770299009755e-06	2380.977028630277
948	1.0049561262130737	3.7274946931354478e-06	2381.0234596031946
949	1.0105148553848267	3.7369671080148583e-06	2381.0698905761164
950	1.0022956132888794	3.78060394723434e-06	2381.1163215490346
951	0.9981691837310791	3.7159012263697204e-06	2381.1627525219524
952	1.0025228261947632	3.723150284989088e-06	2381.2091834948706
953	1.00946044921875	3.7349761414313405e-06	2381.2556144677883
954	1.0070332288742065	3.730271022174169e-06	2381.30204544071
955	0.9990450739860535	3.716443174970195e-06	2381.348476413628
956	0.9993543028831482	3.6616616211283734e-06	2381.394907386546
957	1.0053232908248901	3.7268261869691988e-06	2381.4413383594638
958	1.0090429782867432	3.6784986150451005e-06	2381.4877693323815
959	1.0044612884521484	3.783733745876816e-06	2381.5342003053033
960	0.9993355870246887	3.6626811111893723e-06	2381.580631278221
961	0.999352753162384	3.7178913110189815e-06	2381.6270622511393
962	1.0051140785217285	3.785749640883296e-06	2381.6734932240606
963	1.0061630010604858	3.84843893229e-06	2381.719924196979
964	0.9999787211418152	3.7193138709743367e-06	2381.7663551698965
965	0.9959699511528015	3.7126852531042514e-06	2381.8127861428143
966	0.9986954927444458	3.835170636809762e-06	2381.8592171157325
967	1.0014081001281738	3.721358194580358e-06	2381.905648088654
968	0.9966185092926025	3.771278898057062e-06	2381.9520790615716
969	0.9938774108886719	3.7076436759283147e-06	2381.9985100344898
970	0.9922935962677002	3.705686222846535e-06	2382.0449410074075
971	0.9956741333007812	3.7117182121922574e-06	2382.091371980325
972	1.0015308856964111	3.7202862034918684e-06	2382.137802953247
973	0.9939148426055908	3.7085798491413393e-06	2382.184233926165
974	0.9933518767356873	3.6518056945437016e-06	2382.2306648990825
975	0.9980747699737549	3.7730328585894313e-06	2382.277095872004
976	1.0062295198440552	3.911204597291847e-06	2382.323526844922
977	1.004220724105835	3.6706311648766347e-06	2382.36995781784
978	0.9975839853286743	3.7713493838964496e-06	2382.4163887907575
979	0.9972372651100159	3.657332854345441e-06	2382.4628197636753
980	1.001704216003418	3.720835207566393e-06	2382.5092507365966
981	1.0048706531524658	3.726872929484781e-06	2382.555681709515
982	1.0003939867019653	3.7186374273997815e-06	2382.6021126824326
983	0.9939488768577576	3.6534551969345877e-06	2382.648543655354
984	0.996668815612793	3.712470061145723e-06	2382.6949746282717
985	1.004052996635437	3.725806230001829e-06	2382.7414056011894
986	1.0047091245651245	4.120334105445417e-06	2382.787836574107
987	0.9987325072288513	3.7165472432124345e-06	2382.834267547025
988	0.9972326755523682	3.658886913292329e-06	2382.8806985199467
989	1.0023412704467773	3.7227728171274066e-06	2382.9271294928644
990	1.0084550380706787	3.678211000720587e-06	2382.973560465782
991	1.0038825273513794	3.725290298461914e-06	2383.0199914387
992	0.9975240230560303	3.7141228059419627e-06	2383.0664224116176
993	0.9975169897079468	3.659165539669202e-06	2383.112853384539
994	1.0057008266448975	3.728382800931506e-06	2383.1592843574567
995	1.007974624633789	3.677213766529937e-06	2383.2057153303745
996	1.001077651977539	3.7205543115057727e-06	2383.252146303296
997	0.9984586238861084	3.6608154700575946e-06	2383.2985772762136
998	1.0005053281784058	3.7192534584777825e-06	2383.3450082491313
999	1.0063725709915161	3.729021321333042e-06	2383.391439222049
1000	1.0054162740707397	3.672044412643813e-06	2383.4378701949668
1001	0.9992167353630066	3.7165009416639805e-06	2383.484301167888
1002	0.9972114562988281	3.658143909620669e-06	2383.530732140806
1003	1.0021030902862549	3.7220765300320857e-06	2383.5771631137236
1004	1.0083836317062378	3.6779743180993726e-06	2383.6235940866413
1005	1.0042365789413452	3.726434167192289e-06	2383.6700250595586
1006	0.99775230884552	3.7153491355252988e-06	2383.71645603248
1007	0.9973430633544922	3.659600385136026e-06	2383.7628870053977
1008	1.004637360572815	3.7273143375800415e-06	2383.8093179783154
1009	1.0069615840911865	3.6760406253640267e-06	2383.855748951237
1010	0.9986209273338318	3.7168378405498736e-06	2383.9021799241546
1011	0.9935517311096191	3.6530687151860228e-06	2383.9486108970723
1012	0.9966230392456055	3.7132144136580103e-06	2383.99504186999
1013	1.0043200254440308	3.7264848784120246e-06	2384.0414728429073
1014	1.0026525259017944	3.6683777580037713e-06	2384.0879038158287
1015	0.9961857795715332	3.7124092076820405e-06	2384.1343347887464
1016	0.9938317537307739	3.6533469135653886e-06	2384.180765761664
1017	1.0000702142715454	3.719254340412039e-06	2384.2271967345814
1018	1.0051015615463257	3.6728075321982887e-06	2384.273627707499
1019	0.9976633191108704	3.714859221045944e-06	2384.3200586804205
1020	0.9929572343826294	3.706372367697909e-06	2384.3664896533382
1021	0.9962430596351624	3.656850929152878e-06	2384.4129206262555
1022	1.003096342086792	3.7237755763767795e-06	2384.459351599177
1023	1.002281665802002	3.667321032159688e-06	2384.5057825720946
1024	0.995122492313385	3.7102021672057384e-06	2384.5522135450124
1025	0.9929678440093994	3.6517808706883123e-06	2384.5986445179296
1026	0.9990984797477722	3.717575578555239e-06	2384.6450754908474
1027	1.0038025379180908	3.7261012370105493e-06	2384.6915064637687
1028	0.9882075190544128	3.6442592425052735e-06	2384.737937436686
1029	0.9761225581169128	3.6778614175449493e-06	2384.7843684096038
1030	0.9776586890220642	3.6261091522379397e-06	2384.830799382521
1031	0.983467698097229	3.6909872450809362e-06	2384.8772303554388
1032	0.9853038787841797	3.6393090233425882e-06	2384.92366132836
1033	0.9791178703308105	3.6830310956716086e-06	2384.9700923012774
1034	0.9783456921577454	3.6817004773624693e-06	2385.016523274195
1035	0.9914287328720093	3.6495355957680764e-06	2385.062954247116
1036	1.0052108764648438	3.7283969118796065e-06	2385.109385220034
1037	1.002800464630127	3.6690805299098e-06	2385.155816192951
1038	0.9977856278419495	3.7154077841533404e-06	2385.202247165869
1039	0.9967842102050781	3.658688750446719e-06	2385.2486781387865
1040	1.002528429031372	3.723623442717574e-06	2385.2951091117075
1041	1.0083507299423218	3.733538147626501e-06	2385.341540084625
1042	1.0017194747924805	3.6666191162486724e-06	2385.3879710575425
1043	0.9978784322738647	3.714996361822793e-06	2385.43440203046
1044	1.0010089874267578	3.6653107278706397e-06	2385.4808330033775
1045	1.0081287622451782	3.7326857581678214e-06	2385.5272639762984
1046	1.006792426109314	3.6756100598722696e-06	2385.573694949216
1047	0.9989196062088013	3.7175037009133534e-06	2385.6201259221334
1048	0.9963312149047852	3.7133784534296756e-06	2385.666556895055
1049	1.0024698972702026	3.668952130657785e-06	2385.712987867972
1050	1.0088844299316406	3.7357279903848064e-06	2385.75941884089
1051	1.0019993782043457	3.6684423856272857e-06	2385.805849813807
1052	0.9963877201080322	3.7140720947222277e-06	2385.8522807867244
1053	0.9998692870140076	3.6649345180622357e-06	2385.8987117596457
1054	1.006151795387268	3.731160452871612e-06	2385.945142732563
1055	1.0071179866790771	3.7328101108979546e-06	2385.9915737054807
1056	0.9995259642601013	3.66434345350546e-06	2386.0380046784016
1057	0.9955418705940247	3.7126129344952377e-06	2386.084435651319
1058	1.0011579990386963	3.6667701993685434e-06	2386.1308666242367
1059	1.0082100629806519	3.7343071942979638e-06	2386.177297597154
1060	1.0022075176239014	3.668841707301052e-06	2386.223728570071
1061	0.994873046875	3.7115153673133165e-06	2386.270159542992
1062	0.9961236119270325	3.6587854778832374e-06	2386.31659051591
1063	1.0027849674224854	3.725102887432458e-06	2386.363021488827
1064	1.0064594745635986	3.7309236535238046e-06	2386.4094524617444
1065	0.9985924959182739	3.662618623553392e-06	2386.455883434662
1066	0.9952256083488464	3.7112128638634174e-06	2386.502314407583
1067	0.9986634254455566	3.662526176091941e-06	2386.5487453805003
1068	1.006779432296753	3.731641548008404e-06	2386.5951763534176
1069	1.005426049232483	3.675416604999234e-06	2386.6416073263385
1070	1.000068187713623	3.720824624355318e-06	2386.6880382992563
1071	0.9969045519828796	3.716258850710636e-06	2386.7344692721736
1072	1.0023268461227417	3.725609558662682e-06	2386.780900245091
1073	1.0114097595214844	3.741238756585076e-06	2386.827331218008
1074	1.0059173107147217	3.677448309163618e-06	2386.873762190929
1075	1.0011018514633179	3.723853627558459e-06	2386.9201931638468
1076	1.000775694847107	3.6683259703054588e-06	2386.966624136764
1077	1.0066020488739014	3.733738346702673e-06	2387.0130551096813
1078	1.0093796253204346	3.738289568432127e-06	2387.0594860825986
1079	1.0044134855270386	3.6732706255005564e-06	2387.1059170555195
1080	0.9965947270393372	3.7161869730687504e-06	2387.152348028437
1081	1.000414490699768	3.6669028785956256e-06	2387.198779001354
1082	1.0095323324203491	3.7383905499044694e-06	2387.245209974275
1083	1.006206750869751	3.678475075182231e-06	2387.2916409471927
1084	0.9996686577796936	3.780977976930444e-06	2387.33807192011
1085	0.9994300007820129	3.724039715686531e-06	2387.3845028930273
1086	1.0056909322738647	3.6803364363389417e-06	2387.4309338659446
1087	1.0109282732009888	3.7493230069451258e-06	2387.4773648388655
1088	1.0041303634643555	3.7026154185535713e-06	2387.5237958117827
1089	0.9984092712402344	3.7899056527142725e-06	2387.5702267847
1090	0.995811939239502	6.303191184997559e-06	2388.591708188898
1091	0.9946025609970093	3.784662112593651e-06	2388.638139161815
1092	0.9967911243438721	3.7784457989883693e-06	2388.6845701347356
1093	1.0054841041564941	3.7352806162636945e-06	2388.731001107653
1094	1.00319504737854	3.7908272740120688e-06	2388.77743208057
1095	0.9953134059906006	3.720980791566784e-06	2388.823863053491
1096	0.9947029948234558	3.7676756178508653e-06	2388.8702940264084
1097	1.0009241104125977	3.718106360311675e-06	2388.9167249993257
1098	1.0085443258285522	3.786937943941942e-06	2388.9631559722425
1099	1.0019108057022095	3.7727092576184957e-06	2389.0095869451598
1100	0.9955152869224548	3.6994448130238143e-06	2389.0560179180807
1101	0.9974300265312195	3.755457741631703e-06	2389.102448890998
1102	1.007950782775879	3.712630132213235e-06	2389.148879863915
1103	1.0084209442138672	3.764464936190934e-06	2389.195310836832
1104	0.9981684684753418	3.687840944621712e-06	2389.2417418097493
1105	0.9950475096702576	3.7352729123085737e-06	2389.2881727826702
1106	0.999962568283081	3.743128741696251e-06	2389.3346037555875
1107	1.0062679052352905	3.700379131580977e-06	2389.3810347285043
1108	1.0012826919555664	3.7525028209060882e-06	2389.4274657014253
1109	0.9943997859954834	3.6932863568996683e-06	2389.4738966743425
1110	0.9936618208885193	3.7584254504040335e-06	2389.52032764726
1111	0.9993230104446411	3.8969484458286915e-06	2389.5667586201766
1112	1.006066083908081	3.9817209957012285e-06	2389.6127892208865
